{
  "project_info": {
    "project_number": "208013680796",
    "firebase_url": "https://mimi-1d9b6.firebaseio.com",
    "project_id": "mimi-1d9b6",
    "storage_bucket": "mimi-1d9b6.appspot.com"
  },
  "client": [
    {
      "client_info": {
        "mobilesdk_app_id": "1:208013680796:android:374b55f0247462c1",
        "android_client_info": {
          "package_name": "com.example.frontguy"
        }
      },
      "oauth_client": [],
      "api_key": [
        {
          "current_key": "AIzaSyCvEBLBTk2GRUZPTQRK-484ROIlbvFPIiY"
        }
      ],
      "services": {
        "appinvite_service": {
          "other_platform_oauth_client": [
            {
              "client_id": "208013680796-ej6er337bafhphou5f1e5mf8o8fgulvn.apps.googleusercontent.com",
              "client_type": 3
            }
          ]
        }
      }
    },
    {
      "client_info": {
        "mobilesdk_app_id": "1:208013680796:android:a7ed946ae9345246",
        "android_client_info": {
          "package_name": "com.ntiriniga.mimi"
        }
      },
      "oauth_client": [],
      "api_key": [
        {
          "current_key": "AIzaSyCvEBLBTk2GRUZPTQRK-484ROIlbvFPIiY"
        }
      ],
      "services": {
        "appinvite_service": {
          "other_platform_oauth_client": [
            {
              "client_id": "208013680796-ej6er337bafhphou5f1e5mf8o8fgulvn.apps.googleusercontent.com",
              "client_type": 3
            }
          ]
        }
      }
    }
  ],
  "configuration_version": "1"
}